{
  "num_pairs": 20,
  "mean_l1": 0.34474832117557525,
  "psnr": 7.076226808664908,
  "ssim": 0.34142373949289323,
  "warnings": []
}